{"cameraMode":{"drawMode":0,"name":"Shaded","section":"Shading Mode"},"sceneLighting":true,"audioPlay":false,"sceneViewState":{"showFog":true,"showMaterialUpdate":false,"showSkybox":true,"showFlares":true,"showImageEffects":true,"showParticleSystems":true},"in2DMode":false,"pivot":{"x":-6.9115095138549809,"y":-1.9552533626556397,"z":55.37678527832031},"rotation":{"x":0.23946677148342133,"y":0.006132680457085371,"z":-0.0014720243634656072,"w":0.9709367156028748},"size":112.01470947265625,"orthographic":false}